Date,Team 1,Team 2,Score 1,Score 2,Stage,Source record,Total Goals Per Match,Stage Group
2026-06-11,Mexico,South Africa,2,0,GROUP STAGE,4,2,Group Stage
2026-06-12,South Korea,Czech Republic,2,1,GROUP STAGE,5,3,Group Stage
2026-06-12,Canada,Bosnia & Herzegovina,1,1,GROUP STAGE,6,2,Group Stage
2026-06-13,USA,Paraguay,4,1,GROUP STAGE,7,5,Group Stage
2026-06-13,Qatar,Switzerland,1,1,GROUP STAGE,8,2,Group Stage
2026-06-13,Brazil,Morocco,1,1,GROUP STAGE,9,2,Group Stage
2026-06-14,Haiti,Scotland,0,1,GROUP STAGE,10,1,Group Stage
2026-06-14,Australia,Turkey,2,0,GROUP STAGE,11,2,Group Stage
2026-06-14,Germany,Curacao,7,1,GROUP STAGE,12,8,Group Stage
2026-06-14,Netherlands,Japan,2,2,GROUP STAGE,13,4,Group Stage
2026-06-15,Ivory Coast,Ecuador,1,0,GROUP STAGE,14,1,Group Stage
2026-06-15,Sweden,Tunisia,5,1,GROUP STAGE,15,6,Group Stage
2026-06-15,Spain,Cape Verde,0,0,GROUP STAGE,16,0,Group Stage
2026-06-15,Belgium,Egypt,1,1,GROUP STAGE,17,2,Group Stage
2026-06-15,Saudi Arabia,Uruguay,1,1,GROUP STAGE,18,2,Group Stage
2026-06-16,Iran,New Zealand,2,2,GROUP STAGE,19,4,Group Stage
2026-06-16,France,Senegal,3,1,GROUP STAGE,20,4,Group Stage
2026-06-16,Iraq,Norway,1,4,GROUP STAGE,21,5,Group Stage
2026-06-17,Argentina,Algeria,3,0,GROUP STAGE,22,3,Group Stage
2026-06-17,Austria,Jordan,3,1,GROUP STAGE,23,4,Group Stage
2026-06-17,Portugal,D.R. Congo,1,1,GROUP STAGE,24,2,Group Stage
2026-06-17,England,Croatia,4,2,GROUP STAGE,25,6,Group Stage
2026-06-18,Ghana,Panama,1,0,GROUP STAGE,26,1,Group Stage
2026-06-18,Uzbekistan,Colombia,1,3,GROUP STAGE,27,4,Group Stage
2026-06-18,Czech Republic,South Africa,1,1,GROUP STAGE,28,2,Group Stage
2026-06-18,Switzerland,Bosnia & Herzegovina,4,1,GROUP STAGE,29,5,Group Stage
2026-06-18,Canada,Qatar,6,0,GROUP STAGE,30,6,Group Stage
2026-06-19,Mexico,South Korea,1,0,GROUP STAGE,31,1,Group Stage
2026-06-19,USA,Australia,2,0,GROUP STAGE,32,2,Group Stage
2026-06-19,Scotland,Morocco,0,1,GROUP STAGE,33,1,Group Stage
2026-06-20,Brazil,Haiti,3,0,GROUP STAGE,34,3,Group Stage
2026-06-20,Turkey,Paraguay,0,1,GROUP STAGE,35,1,Group Stage
2026-06-20,Netherlands,Sweden,5,1,GROUP STAGE,36,6,Group Stage
2026-06-20,Germany,Ivory Coast,2,1,GROUP STAGE,37,3,Group Stage
2026-06-21,Ecuador,Curacao,0,0,GROUP STAGE,38,0,Group Stage
2026-06-21,Tunisia,Japan,0,4,GROUP STAGE,39,4,Group Stage
2026-06-21,Spain,Saudi Arabia,4,0,GROUP STAGE,40,4,Group Stage
2026-06-21,Belgium,Iran,0,0,GROUP STAGE,41,0,Group Stage
2026-06-21,Uruguay,Cape Verde,2,2,GROUP STAGE,42,4,Group Stage
2026-06-22,New Zealand,Egypt,1,3,GROUP STAGE,43,4,Group Stage
2026-06-22,Argentina,Austria,2,0,GROUP STAGE,44,2,Group Stage
2026-06-22,France,Iraq,3,0,GROUP STAGE,45,3,Group Stage
2026-06-23,Norway,Senegal,3,2,GROUP STAGE,46,5,Group Stage
2026-06-23,Jordan,Algeria,1,2,GROUP STAGE,47,3,Group Stage
2026-06-23,Portugal,Uzbekistan,5,0,GROUP STAGE,48,5,Group Stage
2026-06-23,England,Ghana,0,0,GROUP STAGE,49,0,Group Stage
2026-06-24,Panama,Croatia,0,1,GROUP STAGE,50,1,Group Stage
2026-06-24,Colombia,D.R. Congo,1,0,GROUP STAGE,51,1,Group Stage
2026-06-24,Bosnia & Herzegovina,Qatar,3,1,GROUP STAGE,52,4,Group Stage
2026-06-24,Switzerland,Canada,2,1,GROUP STAGE,53,3,Group Stage
2026-06-24,Morocco,Haiti,4,2,GROUP STAGE,54,6,Group Stage
2026-06-24,Scotland,Brazil,0,3,GROUP STAGE,55,3,Group Stage
2026-06-25,Czech Republic,Mexico,0,3,GROUP STAGE,56,3,Group Stage
2026-06-25,South Africa,South Korea,1,0,GROUP STAGE,57,1,Group Stage
2026-06-25,Curacao,Ivory Coast,0,2,GROUP STAGE,58,2,Group Stage
2026-06-25,Ecuador,Germany,2,1,GROUP STAGE,59,3,Group Stage
2026-06-26,Japan,Sweden,1,1,GROUP STAGE,60,2,Group Stage
2026-06-26,Tunisia,Netherlands,1,3,GROUP STAGE,61,4,Group Stage
2026-06-26,Paraguay,Australia,0,0,GROUP STAGE,62,0,Group Stage
2026-06-26,Turkey,USA,3,2,GROUP STAGE,63,5,Group Stage
2026-06-26,Norway,France,1,4,GROUP STAGE,64,5,Group Stage
2026-06-26,Senegal,Iraq,5,0,GROUP STAGE,65,5,Group Stage
2026-06-27,Cape Verde,Saudi Arabia,0,0,GROUP STAGE,66,0,Group Stage
2026-06-27,Uruguay,Spain,0,1,GROUP STAGE,67,1,Group Stage
2026-06-27,Egypt,Iran,1,1,GROUP STAGE,68,2,Group Stage
2026-06-27,New Zealand,Belgium,1,5,GROUP STAGE,69,6,Group Stage
2026-06-27,Croatia,Ghana,2,1,GROUP STAGE,70,3,Group Stage
2026-06-27,Panama,England,0,2,GROUP STAGE,71,2,Group Stage
2026-06-28,Colombia,Portugal,0,0,GROUP STAGE,72,0,Group Stage
2026-06-28,D.R. Congo,Uzbekistan,3,1,GROUP STAGE,73,4,Group Stage
2026-06-28,Algeria,Austria,3,3,GROUP STAGE,74,6,Group Stage
2026-06-28,Jordan,Argentina,1,3,GROUP STAGE,75,4,Group Stage
2026-06-28,South Africa,Canada,0,1,ROUND OF 32,79,1,Knockout Stage
2026-06-29,Brazil,Japan,2,1,ROUND OF 32,80,3,Knockout Stage
2026-06-29,Germany,Paraguay,1,1,ROUND OF 32,81,2,Knockout Stage
2026-06-29,Netherlands,Morocco,1,1,ROUND OF 32,82,2,Knockout Stage
2026-06-30,Ivory Coast,Norway,1,2,ROUND OF 32,83,3,Knockout Stage
2026-06-30,France,Sweden,3,0,ROUND OF 32,84,3,Knockout Stage
2026-06-30,Mexico,Ecuador,2,0,ROUND OF 32,85,2,Knockout Stage
2026-07-01,England,D.R. Congo,2,1,ROUND OF 32,86,3,Knockout Stage
2026-07-01,Belgium,Senegal,3,2,ROUND OF 32,87,5,Knockout Stage
2026-07-01,USA,Bosnia & Herzegovina,2,0,ROUND OF 32,88,2,Knockout Stage
2026-07-02,Spain,Austria,3,0,ROUND OF 32,89,3,Knockout Stage
2026-07-02,Portugal,Croatia,2,1,ROUND OF 32,90,3,Knockout Stage
2026-07-02,Switzerland,Algeria,2,0,ROUND OF 32,91,2,Knockout Stage
2026-07-03,Australia,Egypt,1,1,ROUND OF 32,92,2,Knockout Stage
2026-07-03,Argentina,Cape Verde,3,2,ROUND OF 32,93,5,Knockout Stage
2026-07-03,Colombia,Ghana,1,0,ROUND OF 32,94,1,Knockout Stage
2026-07-04,Canada,Morocco,0,3,ROUND OF 16,98,3,Knockout Stage
2026-07-04,Paraguay,France,0,1,ROUND OF 16,99,1,Knockout Stage
2026-07-05,Brazil,Norway,1,2,ROUND OF 16,100,3,Knockout Stage
2026-07-05,Mexico,England,2,3,ROUND OF 16,101,5,Knockout Stage
2026-07-06,Portugal,Spain,0,1,ROUND OF 16,102,1,Knockout Stage
2026-07-06,USA,Belgium,1,4,ROUND OF 16,103,5,Knockout Stage
2026-07-07,Argentina,Egypt,3,2,ROUND OF 16,104,5,Knockout Stage
2026-07-07,Switzerland,Colombia,0,0,ROUND OF 16,105,0,Knockout Stage
2026-07-09,France,Morocco,2,0,QUARTER FINALS,109,2,Knockout Stage
2026-07-10,Spain,Belgium,2,1,QUARTER FINALS,110,3,Knockout Stage
2026-07-11,Norway,England,1,2,QUARTER FINALS,111,3,Knockout Stage
2026-07-11,Argentina,Switzerland,3,1,QUARTER FINALS,112,4,Knockout Stage
2026-07-14,France,Spain,0,2,SEMI FINALS,116,2,Knockout Stage
2026-07-15,England,Argentina,1,2,SEMI FINALS,117,3,Knockout Stage
2026-07-19,Spain,Argentina,1,0,FINAL,121,1,Knockout Stage
